T_K,P_MPa,rho_mol_per_l,Cv_J_per_molK,Cp_J_per_molK,JT_K_per_MPa
365.000,2.26133,0.791000,32.7684,43.8764,6.56326
405.000,2.54597,0.791000,33.9869,44.5375,5.06812
445.000,2.82816,0.791000,35.1843,45.3548,4.01885
485.000,3.10866,0.791000,36.3310,46.2271,3.25197
525.000,3.38796,0.791000,37.4167,47.1061,2.67272
565.000,3.66636,0.791000,38.4390,47.9675,2.22320
605.000,3.94407,0.791000,39.3990,48.7988,1.86642
645.000,4.22125,0.791000,40.2986,49.5933,1.57782
685.000,4.49799,0.791000,41.1408,50.3479,1.34058
725.000,4.77437,0.791000,41.9282,51.0614,1.14282
765.000,5.05045,0.791000,42.6639,51.7338,0.975943
